"DateTime_UTC","mean"
2018-07-28 00:10:00,11.54531
2018-07-28 00:20:00,11.4975974744784
2018-07-28 00:30:00,11.4501924826324
2018-07-28 00:40:00,11.4031480551016
2018-07-28 00:50:00,11.3564070085384
2018-07-28 01:00:00,11.3126027794941
2018-07-28 01:10:00,11.2690440722869
2018-07-28 01:20:00,11.2257296080657
2018-07-28 01:30:00,11.1826581119172
2018-07-28 01:40:00,11.1398028169874
2018-07-28 01:50:00,11.0996528532593
2018-07-28 02:00:00,11.0574187726975
2018-07-28 02:10:00,11.0154470976916
2018-07-28 02:20:00,10.9738118661327
2018-07-28 02:30:00,10.9325107788037
2018-07-28 02:40:00,10.8915664965041
2018-07-28 02:50:00,10.8486721870128
2018-07-28 03:00:00,10.8061078317046
2018-07-28 03:10:00,10.7638973759617
2018-07-28 03:20:00,10.7221425336534
2018-07-28 03:30:00,10.6809813391882
2018-07-28 03:40:00,10.6404995684074
2018-07-28 03:50:00,10.6029105173689
2018-07-28 04:00:00,10.5660294240916
2018-07-28 04:10:00,10.5282743766867
2018-07-28 04:20:00,10.4913888258431
2018-07-28 04:30:00,10.4560388887662
2018-07-28 04:40:00,10.4207805817968
2018-07-28 04:50:00,10.3881218836996
2018-07-28 05:00:00,10.3585503967786
2018-07-28 05:10:00,10.3329781435605
2018-07-28 05:20:00,10.3096538007726
2018-07-28 05:30:00,10.2878371840735
2018-07-28 05:40:00,10.268362718489
2018-07-28 05:50:00,10.2518901896625
2018-07-28 06:00:00,10.2386584203469
2018-07-28 06:10:00,10.2266715002846
2018-07-28 06:20:00,10.2177457527048
2018-07-28 06:30:00,10.2116626873765
2018-07-28 06:40:00,10.2069194527747
2018-07-28 06:50:00,10.2050268911607
2018-07-28 07:00:00,10.205308366972
2018-07-28 07:10:00,10.2081177449685
2018-07-28 07:20:00,10.2137196612398
2018-07-28 07:30:00,10.2235545649297
2018-07-28 07:40:00,10.2347222766579
2018-07-28 07:50:00,10.2495774326635
2018-07-28 08:00:00,10.2673693388878
2018-07-28 08:10:00,10.2852524828366
2018-07-28 08:20:00,10.308330948522
2018-07-28 08:30:00,10.3300356554026
2018-07-28 08:40:00,10.3588906510911
2018-07-28 08:50:00,10.3822720691559
2018-07-28 09:00:00,10.4102512198613
2018-07-28 09:10:00,10.4433295533192
2018-07-28 09:20:00,10.4381203146257
2018-07-28 09:30:00,10.4571723124676
2018-07-28 09:40:00,10.4910996768342
2018-07-28 09:50:00,10.5247497077811
2018-07-28 10:00:00,10.5616525114325
2018-07-28 10:10:00,10.6028600365472
2018-07-28 10:20:00,10.6390819145955
2018-07-28 10:30:00,10.6571128734076
2018-07-28 10:40:00,10.6801028754094
2018-07-28 10:50:00,10.7165676761852
2018-07-28 11:00:00,10.7547147303934
2018-07-28 11:10:00,10.7932865431499
2018-07-28 11:20:00,10.833203878861
2018-07-28 11:30:00,10.8697888619846
2018-07-28 11:40:00,10.9048411630602
2018-07-28 11:50:00,10.9474220683086
2018-07-28 12:00:00,10.9769614587246
2018-07-28 12:10:00,10.9986363064967
2018-07-28 12:20:00,11.0200499918157
2018-07-28 12:30:00,11.0242275013051
2018-07-28 12:40:00,11.0108802116251
2018-07-28 12:50:00,11.0425317208647
2018-07-28 13:00:00,11.0281057139183
2018-07-28 13:10:00,10.9903252213891
2018-07-28 13:20:00,10.9510665695431
2018-07-28 13:30:00,10.9017698216818
2018-07-28 13:40:00,10.8485903274133
2018-07-28 13:50:00,10.7901628378023
2018-07-28 14:00:00,10.7303445859544
2018-07-28 14:10:00,10.6712149344597
2018-07-28 14:20:00,10.6227952413432
2018-07-28 14:30:00,10.5767759222915
2018-07-28 14:40:00,10.5381347135737
2018-07-28 14:50:00,10.4977242984299
2018-07-28 15:00:00,10.4613045772548
2018-07-28 15:10:00,10.4316489185741
2018-07-28 15:20:00,10.4005481295024
2018-07-28 15:30:00,10.3686126167223
2018-07-28 15:40:00,10.3349676966089
2018-07-28 15:50:00,10.2999410734669
2018-07-28 16:00:00,10.2652251266069
2018-07-28 16:10:00,10.2338185037266
2018-07-28 16:20:00,10.2025285216263
2018-07-28 16:30:00,10.169574789036
2018-07-28 16:40:00,10.1368090797364
2018-07-28 16:50:00,10.104151896146
2018-07-28 17:00:00,10.0700656044216
2018-07-28 17:10:00,10.0347282379149
2018-07-28 17:20:00,10.0024482743843
2018-07-28 17:30:00,9.97076400316116
2018-07-28 17:40:00,9.93916028659975
2018-07-28 17:50:00,9.90477206080418
2018-07-28 18:00:00,9.87024956160325
2018-07-28 18:10:00,9.83509603211518
2018-07-28 18:20:00,9.80165624228245
2018-07-28 18:30:00,9.76852729868336
2018-07-28 18:40:00,9.73693456181143
2018-07-28 18:50:00,9.7065892063132
2018-07-28 19:00:00,9.67656944271411
2018-07-28 19:10:00,9.64742329401444
2018-07-28 19:20:00,9.61823297381405
2018-07-28 19:30:00,9.58718958676398
2018-07-28 19:40:00,9.55669788432703
2018-07-28 19:50:00,9.52491913373339
2018-07-28 20:00:00,9.49217546290885
2018-07-28 20:10:00,9.45855119576389
2018-07-28 20:20:00,9.42599865100083
2018-07-28 20:30:00,9.39276392786444
2018-07-28 20:40:00,9.35886789018452
2018-07-28 20:50:00,9.32602731935098
2018-07-28 21:00:00,9.29416210050406
2018-07-28 21:10:00,9.26321185198682
2018-07-28 21:20:00,9.23168617802563
2018-07-28 21:30:00,9.19959651275385
2018-07-28 21:40:00,9.167672162326
2018-07-28 21:50:00,9.13591227509725
2018-07-28 22:00:00,9.10378218573244
2018-07-28 22:10:00,9.07125507174652
2018-07-28 22:20:00,9.03951241115412
2018-07-28 22:30:00,9.0085070253129
2018-07-28 22:40:00,8.978194255845
2018-07-28 22:50:00,8.94805699130534
2018-07-28 23:00:00,8.91807209130074
2018-07-28 23:10:00,8.88868989065879
2018-07-28 23:20:00,8.85904995791687
2018-07-28 23:30:00,8.8295599953351
2018-07-28 23:40:00,8.80057036615461
2018-07-28 23:50:00,8.77178626337859
2018-07-29 00:00:00,8.74314406942857
2018-07-29 00:10:00,8.71466396419873
2018-07-29 00:20:00,8.68628292407179
2018-07-29 00:30:00,8.65804208047548
2018-07-29 00:40:00,8.62996151131158
2018-07-29 00:50:00,8.60199917767163
2018-07-29 01:00:00,8.57401040691412
2018-07-29 01:10:00,8.54628367359798
2018-07-29 01:20:00,8.51871491208616
2018-07-29 01:30:00,8.49119219944523
2018-07-29 01:40:00,8.46378545450419
2018-07-29 01:50:00,8.43658473021837
2018-07-29 02:00:00,8.40954367048052
2018-07-29 02:10:00,8.38264001690307
2018-07-29 02:20:00,8.35591593974408
2018-07-29 02:30:00,8.32934909700041
2018-07-29 02:40:00,8.30299441347137
2018-07-29 02:50:00,8.27686363422408
2018-07-29 03:00:00,8.25086611413073
2018-07-29 03:10:00,8.22504571166532
2018-07-29 03:20:00,8.19937916110079
2018-07-29 03:30:00,8.17415295670299
2018-07-29 03:40:00,8.14942991831778
2018-07-29 03:50:00,8.12512407122312
2018-07-29 04:00:00,8.10201241132352
2018-07-29 04:10:00,8.0796857666889
2018-07-29 04:20:00,8.05816054221928
2018-07-29 04:30:00,8.03808832616275
2018-07-29 04:40:00,8.02058076566118
2018-07-29 04:50:00,8.00536068339948
2018-07-29 05:00:00,7.99456925120337
2018-07-29 05:10:00,7.98893850474212
2018-07-29 05:20:00,7.98267557653881
2018-07-29 05:30:00,7.97325091765012
2018-07-29 05:40:00,7.96165581676456
2018-07-29 05:50:00,7.95186982918937
2018-07-29 06:00:00,7.95731716661513
2018-07-29 06:10:00,7.97142205387551
2018-07-29 06:20:00,7.98621961804209
2018-07-29 06:30:00,7.9935898243284
2018-07-29 06:40:00,8.00476442058375
2018-07-29 06:50:00,8.01605260249445
2018-07-29 07:00:00,8.01903260886895
2018-07-29 07:10:00,8.01495758339139
2018-07-29 07:20:00,8.04314479045864
2018-07-29 07:30:00,8.06969305278034
2018-07-29 07:40:00,8.0905472888121
2018-07-29 07:50:00,8.11452553664033
2018-07-29 08:00:00,8.13989508425938
2018-07-29 08:10:00,8.16431409908298
2018-07-29 08:20:00,8.19922912505748
2018-07-29 08:30:00,8.24875556964059
2018-07-29 08:40:00,8.26964794045131
2018-07-29 08:50:00,8.30608487334047
2018-07-29 09:00:00,8.33482272940178
2018-07-29 09:10:00,8.37606015663236
2018-07-29 09:20:00,8.42125542687816
2018-07-29 09:30:00,8.46412447938569
2018-07-29 09:40:00,8.4982049054991
2018-07-29 09:50:00,8.55118307520075
2018-07-29 10:00:00,8.5897750858111
2018-07-29 10:10:00,8.62990372818189
2018-07-29 10:20:00,8.67730712512215
2018-07-29 10:30:00,8.72000579156094
2018-07-29 10:40:00,8.75123910112621
2018-07-29 10:50:00,8.80645163112551
2018-07-29 11:00:00,8.86653620535454
2018-07-29 11:10:00,8.93343476970549
2018-07-29 11:20:00,8.98292367686111
2018-07-29 11:30:00,9.03671957901752
2018-07-29 11:40:00,9.10017668358662
2018-07-29 11:50:00,9.16223413721793
2018-07-29 12:00:00,9.22587131077158
2018-07-29 12:10:00,9.28251523111104
2018-07-29 12:20:00,9.34966180931554
2018-07-29 12:30:00,9.41410895565857
2018-07-29 12:40:00,9.46984532222371
2018-07-29 12:50:00,9.53469576057076
2018-07-29 13:00:00,9.59019592795312
2018-07-29 13:10:00,9.64520207865934
2018-07-29 13:20:00,9.70671513713368
2018-07-29 13:30:00,9.76394974797495
2018-07-29 13:40:00,9.8173734271582
2018-07-29 13:50:00,9.86930635852335
2018-07-29 14:00:00,9.91880506554932
2018-07-29 14:10:00,9.93832621612392
2018-07-29 14:20:00,9.97444340293817
2018-07-29 14:30:00,10.026384611568
2018-07-29 14:40:00,10.0534930437764
2018-07-29 14:50:00,10.0725591715782
2018-07-29 15:00:00,10.0794567990991
2018-07-29 15:10:00,10.1009153900803
2018-07-29 15:20:00,10.1219466798313
2018-07-29 15:30:00,10.1205358840005
2018-07-29 15:40:00,10.1048137507737
2018-07-29 15:50:00,10.0853854148397
2018-07-29 16:00:00,10.0689989772532
2018-07-29 16:10:00,10.0588645346435
2018-07-29 16:20:00,10.0422301352433
2018-07-29 16:30:00,10.0317170654652
2018-07-29 16:40:00,10.0235486978163
2018-07-29 16:50:00,10.0155884635962
2018-07-29 17:00:00,10.0133271123774
2018-07-29 17:10:00,9.99329841313544
2018-07-29 17:20:00,9.97097624831085
2018-07-29 17:30:00,9.94793378013243
2018-07-29 17:40:00,9.92531889764998
2018-07-29 17:50:00,9.90295487060312
2018-07-29 18:00:00,9.87965345652049
2018-07-29 18:10:00,9.85300544349049
2018-07-29 18:20:00,9.82424276921004
2018-07-29 18:30:00,9.79402350900344
2018-07-29 18:40:00,9.76267886163238
2018-07-29 18:50:00,9.73042832540178
2018-07-29 19:00:00,9.69796411751656
2018-07-29 19:10:00,9.66797423681352
2018-07-29 19:20:00,9.63652785967508
2018-07-29 19:30:00,9.60476766575722
2018-07-29 19:40:00,9.57269504627071
2018-07-29 19:50:00,9.53887945073394
2018-07-29 20:00:00,9.5070669898949
2018-07-29 20:10:00,9.47635376936612
2018-07-29 20:20:00,9.44423920855753
2018-07-29 20:30:00,9.41332193895418
2018-07-29 20:40:00,9.38339416199528
2018-07-29 20:50:00,9.35436825111939
2018-07-29 21:00:00,9.32468542862975
2018-07-29 21:10:00,9.29512571931118
2018-07-29 21:20:00,9.26560571771943
2018-07-29 21:30:00,9.23618755973591
2018-07-29 21:40:00,9.20633425782054
2018-07-29 21:50:00,9.17665195229804
2018-07-29 22:00:00,9.14720510034687
2018-07-29 22:10:00,9.11831644771505
2018-07-29 22:20:00,9.08942105028726
2018-07-29 22:30:00,9.06066992010909
2018-07-29 22:40:00,9.03208389395834
2018-07-29 22:50:00,9.00368358840279
2018-07-29 23:00:00,8.97544658721
2018-07-29 23:10:00,8.94737206496966
2018-07-29 23:20:00,8.91909149373957
2018-07-29 23:30:00,8.89140482174102
2018-07-29 23:40:00,8.86387777718649
2018-07-29 23:50:00,8.83673665859654
2018-07-30 00:00:00,8.80948323045223
2018-07-30 00:10:00,8.78236618943826
2018-07-30 00:20:00,8.75558375422376
2018-07-30 00:30:00,8.72911111085033
2018-07-30 00:40:00,8.70259027699733
2018-07-30 00:50:00,8.67616001105143
2018-07-30 01:00:00,8.64998663473165
2018-07-30 01:10:00,8.62383502450464
2018-07-30 01:20:00,8.59777263348265
2018-07-30 01:30:00,8.57181889815571
2018-07-30 01:40:00,8.54599310830956
2018-07-30 01:50:00,8.5202750520849
2018-07-30 02:00:00,8.49465361076393
2018-07-30 02:10:00,8.46918905028901
2018-07-30 02:20:00,8.44383080808028
2018-07-30 02:30:00,8.41857847864208
2018-07-30 02:40:00,8.39341213093383
2018-07-30 02:50:00,8.36837048576686
2018-07-30 03:00:00,8.34359342463067
2018-07-30 03:10:00,8.31910052956995
2018-07-30 03:20:00,8.29477355670182
2018-07-30 03:30:00,8.27061154201061
2018-07-30 03:40:00,8.2465105793288
2018-07-30 03:50:00,8.22256929082517
2018-07-30 04:00:00,8.19974601071347
2018-07-30 04:10:00,8.1774611683342
2018-07-30 04:20:00,8.15516759138746
2018-07-30 04:30:00,8.13341416626561
2018-07-30 04:40:00,8.11262511304179
2018-07-30 04:50:00,8.0924542240699
2018-07-30 05:00:00,8.07273240214772
2018-07-30 05:10:00,8.0541276625422
2018-07-30 05:20:00,8.03676186214465
2018-07-30 05:30:00,8.02660663324421
2018-07-30 05:40:00,8.01734565112462
2018-07-30 05:50:00,8.00858003111471
2018-07-30 06:00:00,8.00540289497603
2018-07-30 06:10:00,8.01257166558484
2018-07-30 06:20:00,8.01868787938692
2018-07-30 06:30:00,8.00840419537736
2018-07-30 06:40:00,8.00126578623186
2018-07-30 06:50:00,8.00399831380498
2018-07-30 07:00:00,8.00574493398276
2018-07-30 07:10:00,8.03124615985922
2018-07-30 07:20:00,8.05909548038541
2018-07-30 07:30:00,8.09030594745568
2018-07-30 07:40:00,8.12406333561953
2018-07-30 07:50:00,8.15510574625425
2018-07-30 08:00:00,8.15656444346804
2018-07-30 08:10:00,8.17369877907674
2018-07-30 08:20:00,8.22990295056519
2018-07-30 08:30:00,8.28070752551295
2018-07-30 08:40:00,8.32961668123348
2018-07-30 08:50:00,8.3695780501773
2018-07-30 09:00:00,8.4197672881308
2018-07-30 09:10:00,8.48007688138084
2018-07-30 09:20:00,8.53806087560584
2018-07-30 09:30:00,8.58507831052594
2018-07-30 09:40:00,8.62928415370999
2018-07-30 09:50:00,8.66368448369478
2018-07-30 10:00:00,8.71299451274511
2018-07-30 10:10:00,8.75482559783498
2018-07-30 10:20:00,8.77889653439012
2018-07-30 10:30:00,8.79018547211448
2018-07-30 10:40:00,8.81033520017648
2018-07-30 10:50:00,8.83164647764017
2018-07-30 11:00:00,8.86770350215893
2018-07-30 11:10:00,8.90900199196456
2018-07-30 11:20:00,8.93481118633152
2018-07-30 11:30:00,8.95107469577928
2018-07-30 11:40:00,8.96428379366776
2018-07-30 11:50:00,9.02332864076386
2018-07-30 12:00:00,9.06278253236347
2018-07-30 12:10:00,9.08167442425079
2018-07-30 12:20:00,9.09356270161669
2018-07-30 12:30:00,9.10388512750341
2018-07-30 12:40:00,9.11636231789169
2018-07-30 12:50:00,9.13272166802442
2018-07-30 13:00:00,9.14489251925462
2018-07-30 13:10:00,9.1549651477445
2018-07-30 13:20:00,9.16657327196318
2018-07-30 13:30:00,9.20471973906565
2018-07-30 13:40:00,9.27329005883803
2018-07-30 13:50:00,9.34678059970345
2018-07-30 14:00:00,9.41042585047564
2018-07-30 14:10:00,9.42400970993392
2018-07-30 14:20:00,9.42548924695034
2018-07-30 14:30:00,9.43419666707054
2018-07-30 14:40:00,9.46193993415599
2018-07-30 14:50:00,9.49092185174129
2018-07-30 15:00:00,9.54452946034347
2018-07-30 15:10:00,9.58474660140608
2018-07-30 15:20:00,9.61412982994069
2018-07-30 15:30:00,9.63783896430278
2018-07-30 15:40:00,9.62896344742454
2018-07-30 15:50:00,9.62794361017847
2018-07-30 16:00:00,9.64139172280152
2018-07-30 16:10:00,9.65895021479661
2018-07-30 16:20:00,9.65352508805262
2018-07-30 16:30:00,9.64609562656048
2018-07-30 16:40:00,9.64173040583438
2018-07-30 16:50:00,9.62874850318875
2018-07-30 17:00:00,9.61985753258344
2018-07-30 17:10:00,9.62254220059986
2018-07-30 17:20:00,9.62720420396978
2018-07-30 17:30:00,9.63265340268651
2018-07-30 17:40:00,9.63040242076771
2018-07-30 17:50:00,9.6247073191898
2018-07-30 18:00:00,9.6212208628011
2018-07-30 18:10:00,9.61108468718635
2018-07-30 18:20:00,9.59950297567188
2018-07-30 18:30:00,9.58471140576175
2018-07-30 18:40:00,9.56473444049743
2018-07-30 18:50:00,9.54333134778844
2018-07-30 19:00:00,9.51771990866951
2018-07-30 19:10:00,9.48973376659414
2018-07-30 19:20:00,9.46256371304407
2018-07-30 19:30:00,9.43457703362904
2018-07-30 19:40:00,9.40446256987429
2018-07-30 19:50:00,9.37409474640449
2018-07-30 20:00:00,9.34357411852132
2018-07-30 20:10:00,9.31299752841959
2018-07-30 20:20:00,9.28236906221635
2018-07-30 20:30:00,9.25175813202802
2018-07-30 20:40:00,9.22146468374226
2018-07-30 20:50:00,9.19144034425244
2018-07-30 21:00:00,9.16150002924692
2018-07-30 21:10:00,9.13168925061087
2018-07-30 21:20:00,9.10198449720982
2018-07-30 21:30:00,9.07238858281932
2018-07-30 21:40:00,9.04290102850922
2018-07-30 21:50:00,9.01352135718222
2018-07-30 22:00:00,8.98424909356787
2018-07-30 22:10:00,8.95508376421663
2018-07-30 22:20:00,8.92602489749396
2018-07-30 22:30:00,8.89707202357434
2018-07-30 22:40:00,8.86822141599836
2018-07-30 22:50:00,8.83944981661227
2018-07-30 23:00:00,8.81073407933202
2018-07-30 23:10:00,8.78298793621554
2018-07-30 23:20:00,8.75534072186706
2018-07-30 23:30:00,8.72754809472935
2018-07-30 23:40:00,8.69963143471146
2018-07-30 23:50:00,8.67170589197407
2018-07-31 00:00:00,8.64393336418723
2018-07-31 00:10:00,8.61649722644908
2018-07-31 00:20:00,8.58932585532753
2018-07-31 00:30:00,8.56270467257994
2018-07-31 00:40:00,8.5363751673532
2018-07-31 00:50:00,8.51026450228706
2018-07-31 01:00:00,8.48416533090313
2018-07-31 01:10:00,8.45816434725336
2018-07-31 01:20:00,8.43219285340475
2018-07-31 01:30:00,8.40621097969806
2018-07-31 01:40:00,8.38005892795331
2018-07-31 01:50:00,8.35377044380571
2018-07-31 02:00:00,8.3271952823775
2018-07-31 02:10:00,8.30036656348474
2018-07-31 02:20:00,8.27354935168829
2018-07-31 02:30:00,8.2469272358075
2018-07-31 02:40:00,8.22041786061131
2018-07-31 02:50:00,8.19385803919239
2018-07-31 03:00:00,8.16722728432114
2018-07-31 03:10:00,8.14060743884381
2018-07-31 03:20:00,8.11423709340833
2018-07-31 03:30:00,8.08765858396312
2018-07-31 03:40:00,8.06145687606727
2018-07-31 03:50:00,8.03597609349145
2018-07-31 04:00:00,8.01176144772804
2018-07-31 04:10:00,7.98816268157678
2018-07-31 04:20:00,7.96562681488669
2018-07-31 04:30:00,7.94486909969538
2018-07-31 04:40:00,7.92416586907339
2018-07-31 04:50:00,7.90515353312612
2018-07-31 05:00:00,7.88937335612795
2018-07-31 05:10:00,7.87269985821653
2018-07-31 05:20:00,7.85401611051268
2018-07-31 05:30:00,7.83728483436248
2018-07-31 05:40:00,7.82365889057894
2018-07-31 05:50:00,7.81176280687084
2018-07-31 06:00:00,7.80496442197484
2018-07-31 06:10:00,7.80306155201755
2018-07-31 06:20:00,7.81538487833711
2018-07-31 06:30:00,7.81305494455147
2018-07-31 06:40:00,7.81062282601197
2018-07-31 06:50:00,7.80958030188498
2018-07-31 07:00:00,7.81251703109115
2018-07-31 07:10:00,7.81319345745142
2018-07-31 07:20:00,7.81244817553071
2018-07-31 07:30:00,7.81316022574027
2018-07-31 07:40:00,7.81632129736552
2018-07-31 07:50:00,7.83091171475551
2018-07-31 08:00:00,7.8644927417004
2018-07-31 08:10:00,7.88545966981689
2018-07-31 08:20:00,7.91631450872355
2018-07-31 08:30:00,7.93262481760198
2018-07-31 08:40:00,7.94111092020459
2018-07-31 08:50:00,7.95077163660488
2018-07-31 09:00:00,7.97078477650349
2018-07-31 09:10:00,7.99392256307728
2018-07-31 09:20:00,8.0143376410958
2018-07-31 09:30:00,8.02905138726103
2018-07-31 09:40:00,8.06968074436851
2018-07-31 09:50:00,8.1180677178707
2018-07-31 10:00:00,8.15163122706353
2018-07-31 10:10:00,8.17554552845226
2018-07-31 10:20:00,8.18831909791679
2018-07-31 10:30:00,8.20875815384636
2018-07-31 10:40:00,8.22750907020012
2018-07-31 10:50:00,8.24159178869127
2018-07-31 11:00:00,8.25692129548977
2018-07-31 11:10:00,8.28039379255494
2018-07-31 11:20:00,8.29715657686725
2018-07-31 11:30:00,8.31089058560842
2018-07-31 11:40:00,8.31799129533623
2018-07-31 11:50:00,8.33739819529871
2018-07-31 12:00:00,8.36515616935709
2018-07-31 12:10:00,8.38621747812265
2018-07-31 12:20:00,8.42213670333999
2018-07-31 12:30:00,8.43103573066003
2018-07-31 12:40:00,8.47264789790026
2018-07-31 12:50:00,8.5248674076725
2018-07-31 13:00:00,8.54283580904523
2018-07-31 13:10:00,8.57086299542122
2018-07-31 13:20:00,8.63366147982219
2018-07-31 13:30:00,8.67579295296187
2018-07-31 13:40:00,8.72494501844328
2018-07-31 13:50:00,8.74432931571543
2018-07-31 14:00:00,8.75826561558229
2018-07-31 14:10:00,8.76121785292525
2018-07-31 14:20:00,8.75158348488043
2018-07-31 14:30:00,8.75436640125609
2018-07-31 14:40:00,8.75065798102639
2018-07-31 14:50:00,8.75245347887519
2018-07-31 15:00:00,8.75680425545387
2018-07-31 15:10:00,8.74578547541015
2018-07-31 15:20:00,8.73275656715501
2018-07-31 15:30:00,8.71582620547703
2018-07-31 15:40:00,8.70343660232408
2018-07-31 15:50:00,8.70906392209377
2018-07-31 16:00:00,8.74589133753567
2018-07-31 16:10:00,8.77227994596615
2018-07-31 16:20:00,8.79242380301646
2018-07-31 16:30:00,8.80970556956182
2018-07-31 16:40:00,8.82377781052459
2018-07-31 16:50:00,8.83417207321725
2018-07-31 17:00:00,8.84067916642124
2018-07-31 17:10:00,8.84454942864462
2018-07-31 17:20:00,8.8463852677752
2018-07-31 17:30:00,8.84535261600934
2018-07-31 17:40:00,8.84216014840439
2018-07-31 17:50:00,8.83625582865663
2018-07-31 18:00:00,8.82776111308603
2018-07-31 18:10:00,8.81764685519481
2018-07-31 18:20:00,8.80400815435141
2018-07-31 18:30:00,8.78591455644614
2018-07-31 18:40:00,8.76651498582807
2018-07-31 18:50:00,8.74547982341678
2018-07-31 19:00:00,8.72244860066405
2018-07-31 19:10:00,8.69832211860911
2018-07-31 19:20:00,8.67318863973219
2018-07-31 19:30:00,8.64707594503107
2018-07-31 19:40:00,8.61982243246424
2018-07-31 19:50:00,8.59189498138531
2018-07-31 20:00:00,8.56399418311684
2018-07-31 20:10:00,8.53612182542624
2018-07-31 20:20:00,8.50824439747045
2018-07-31 20:30:00,8.48026534233015
2018-07-31 20:40:00,8.45245233777848
2018-07-31 20:50:00,8.42465275289588
2018-07-31 21:00:00,8.39714463155534
2018-07-31 21:10:00,8.36953849505698
2018-07-31 21:20:00,8.34203808058571
2018-07-31 21:30:00,8.31464305231007
2018-07-31 21:40:00,8.28737148470457
2018-07-31 21:50:00,8.26016780331589
2018-07-31 22:00:00,8.23305021919214
2018-07-31 22:10:00,8.20600016489636
2018-07-31 22:20:00,8.17909069601028
2018-07-31 22:30:00,8.15228475519505
2018-07-31 22:40:00,8.12561840858148
2018-07-31 22:50:00,8.09903663521936
2018-07-31 23:00:00,8.07252106866363
2018-07-31 23:10:00,8.04605343478287
2018-07-31 23:20:00,8.01963364692831
2018-07-31 23:30:00,7.99331591683265
2018-07-31 23:40:00,7.9670818657515
2018-07-31 23:50:00,7.94091323563633
2018-08-01 00:00:00,7.91480988036524
2018-08-01 00:10:00,7.88878964846641
2018-08-01 00:20:00,7.86283434904679
2018-08-01 00:30:00,7.83697972697902
2018-08-01 00:40:00,7.81120755799862
2018-08-01 00:50:00,7.7854997372944
2018-08-01 01:00:00,7.75985611915859
2018-08-01 01:10:00,7.73425870381481
2018-08-01 01:20:00,7.70874309581045
2018-08-01 01:30:00,7.68332687483521
2018-08-01 01:40:00,7.65802748181836
2018-08-01 01:50:00,7.6327735912474
2018-08-01 02:00:00,7.60761827832609
2018-08-01 02:10:00,7.58252587425976
2018-08-01 02:20:00,7.55747856505131
2018-08-01 02:30:00,7.53245859520075
2018-08-01 02:40:00,7.5075189207684
2018-08-01 02:50:00,7.48260641043774
2018-08-01 03:00:00,7.4577739397875
2018-08-01 03:10:00,7.43302129257774
2018-08-01 03:20:00,7.408348253179
2018-08-01 03:30:00,7.38378967709853
2018-08-01 03:40:00,7.35950466533977
2018-08-01 03:50:00,7.33559961072187
2018-08-01 04:00:00,7.31212585344621
2018-08-01 04:10:00,7.28929698913547
2018-08-01 04:20:00,7.26709447137087
2018-08-01 04:30:00,7.24580125395435
2018-08-01 04:40:00,7.22625068544504
2018-08-01 04:50:00,7.20861627425969
2018-08-01 05:00:00,7.1954514207786
2018-08-01 05:10:00,7.18646398788986
2018-08-01 05:20:00,7.17926602698249
2018-08-01 05:30:00,7.17483136681372
2018-08-01 05:40:00,7.17214350480194
2018-08-01 05:50:00,7.17421654913545
2018-08-01 06:00:00,7.17917816431137
2018-08-01 06:10:00,7.18657992910609
2018-08-01 06:20:00,7.196434517685
2018-08-01 06:30:00,7.20859545840992
2018-08-01 06:40:00,7.22314962895301
2018-08-01 06:50:00,7.24177174478166
2018-08-01 07:00:00,7.26391485775051
2018-08-01 07:10:00,7.29083043686165
2018-08-01 07:20:00,7.32555705120181
2018-08-01 07:30:00,7.36146262227683
2018-08-01 07:40:00,7.39615263850411
2018-08-01 07:50:00,7.43323782602606
2018-08-01 08:00:00,7.47309820927289
2018-08-01 08:10:00,7.52065099910633
2018-08-01 08:20:00,7.56990748914884
2018-08-01 08:30:00,7.61896794362077
2018-08-01 08:40:00,7.66707549535361
2018-08-01 08:50:00,7.71759527269541
2018-08-01 09:00:00,7.77250781854405
2018-08-01 09:10:00,7.82426964473749
2018-08-01 09:20:00,7.83991704083288
2018-08-01 09:30:00,7.89402566078748
2018-08-01 09:40:00,7.9528621552167
2018-08-01 09:50:00,7.97636499781802
2018-08-01 10:00:00,8.03881235576712
2018-08-01 10:10:00,8.10241748259056
2018-08-01 10:20:00,8.16658702404022
2018-08-01 10:30:00,8.23157139450757
2018-08-01 10:40:00,8.29710556587485
2018-08-01 10:50:00,8.36305439879655
2018-08-01 11:00:00,8.42989634409812
2018-08-01 11:10:00,8.49696399647492
2018-08-01 11:20:00,8.5638891108933
2018-08-01 11:30:00,8.63128832710145
2018-08-01 11:40:00,8.69729202378304
2018-08-01 11:50:00,8.76158684298752
2018-08-01 12:00:00,8.82197578685136
2018-08-01 12:10:00,8.88612757800584
2018-08-01 12:20:00,8.95189183852097
2018-08-01 12:30:00,9.01226983039756
2018-08-01 12:40:00,9.06696288779711
2018-08-01 12:50:00,9.11513624767816
2018-08-01 13:00:00,9.15561155687393
2018-08-01 13:10:00,9.21705883416539
2018-08-01 13:20:00,9.27816765956785
2018-08-01 13:30:00,9.33193767028273
2018-08-01 13:40:00,9.36738307448893
2018-08-01 13:50:00,9.39206399297192
2018-08-01 14:00:00,9.4290453820368
2018-08-01 14:10:00,9.47538758093108
2018-08-01 14:20:00,9.51908249816579
2018-08-01 14:30:00,9.55517571932535
2018-08-01 14:40:00,9.59277918536537
2018-08-01 14:50:00,9.62893069757174
2018-08-01 15:00:00,9.65862270047639
2018-08-01 15:10:00,9.68838396109154
2018-08-01 15:20:00,9.71854522300447
2018-08-01 15:30:00,9.74522708496602
2018-08-01 15:40:00,9.76887582898445
2018-08-01 15:50:00,9.79463666799049
2018-08-01 16:00:00,9.81425506071907
2018-08-01 16:10:00,9.83232460262931
2018-08-01 16:20:00,9.85104157881834
2018-08-01 16:30:00,9.86693583247464
2018-08-01 16:40:00,9.88169706450992
2018-08-01 16:50:00,9.89346005398639
2018-08-01 17:00:00,9.89965729260796
2018-08-01 17:10:00,9.90688524414754
2018-08-01 17:20:00,9.91286009198862
2018-08-01 17:30:00,9.91500350297669
2018-08-01 17:40:00,9.91295344481927
2018-08-01 17:50:00,9.90888169266344
2018-08-01 18:00:00,9.90105456374286
2018-08-01 18:10:00,9.89117310673381
2018-08-01 18:20:00,9.87643534543266
2018-08-01 18:30:00,9.85881049650565
2018-08-01 18:40:00,9.83938223122175
2018-08-01 18:50:00,9.8165965421021
2018-08-01 19:00:00,9.79098915605713
2018-08-01 19:10:00,9.76311507008744
2018-08-01 19:20:00,9.73477477535065
2018-08-01 19:30:00,9.70542763032268
2018-08-01 19:40:00,9.67548205534733
2018-08-01 19:50:00,9.64518447616036
2018-08-01 20:00:00,9.61473539964191
2018-08-01 20:10:00,9.58439973796716
2018-08-01 20:20:00,9.55411952639334
2018-08-01 20:30:00,9.52391386461619
2018-08-01 20:40:00,9.49376340459556
2018-08-01 20:50:00,9.46368721515666
2018-08-01 21:00:00,9.43366598018732
2018-08-01 21:10:00,9.40369959927609
2018-08-01 21:20:00,9.3737496867752
2018-08-01 21:30:00,9.3436626159017
2018-08-01 21:40:00,9.31368829059891
2018-08-01 21:50:00,9.28388378507166
2018-08-01 22:00:00,9.25413376933014
2018-08-01 22:10:00,9.22447634055779
2018-08-01 22:20:00,9.19491124773485
2018-08-01 22:30:00,9.1654382428477
2018-08-01 22:40:00,9.13605707629537
2018-08-01 22:50:00,9.10674852561652
2018-08-01 23:00:00,9.07753138092231
2018-08-01 23:10:00,9.04838647128121
2018-08-01 23:20:00,9.01931363440104
2018-08-01 23:30:00,8.99031271064452
2018-08-01 23:40:00,8.96142125431736
2018-08-01 23:50:00,8.93263891605015
2018-08-02 00:00:00,8.90396534990163
2018-08-02 00:10:00,8.87540020882364
2018-08-02 00:20:00,8.84694314917806
2018-08-02 00:30:00,8.81861247659641
2018-08-02 00:40:00,8.79038912630685
2018-08-02 00:50:00,8.76227275611959
2018-08-02 01:00:00,8.73428154844094
2018-08-02 01:10:00,8.70639657191642
2018-08-02 01:20:00,8.67856212168204
2018-08-02 01:30:00,8.6507596412857
2018-08-02 01:40:00,8.62300754752038
2018-08-02 01:50:00,8.59532419434852
2018-08-02 02:00:00,8.56772784199387
2018-08-02 02:10:00,8.5402182575231
2018-08-02 02:20:00,8.51279520865542
2018-08-02 02:30:00,8.4854767791331
2018-08-02 02:40:00,8.45826263765636
2018-08-02 02:50:00,8.43115245401919
2018-08-02 03:00:00,8.40414589691576
2018-08-02 03:10:00,8.37720629092067
2018-08-02 03:20:00,8.35035164388059
2018-08-02 03:30:00,8.32358172866348
2018-08-02 03:40:00,8.29718041512294
2018-08-02 03:50:00,8.27128901242747
2018-08-02 04:00:00,8.24578251626649
2018-08-02 04:10:00,8.22117426244409
2018-08-02 04:20:00,8.19765868452941
2018-08-02 04:30:00,8.17551778015797
2018-08-02 04:40:00,8.15487307415471
2018-08-02 04:50:00,8.13586385482293
2018-08-02 05:00:00,8.11719079713671
2018-08-02 05:10:00,8.09911950139251
2018-08-02 05:20:00,8.08280314499574
2018-08-02 05:30:00,8.06608996377538
2018-08-02 05:40:00,8.05141335232029
2018-08-02 05:50:00,8.03754461938088
2018-08-02 06:00:00,8.02501479641897
2018-08-02 06:10:00,8.01463819957401
2018-08-02 06:20:00,8.00982014680748
2018-08-02 06:30:00,8.00962729753584
2018-08-02 06:40:00,8.01034022916268
2018-08-02 06:50:00,8.00400285608278
2018-08-02 07:00:00,8.00405132192645
2018-08-02 07:10:00,8.01926641554033
2018-08-02 07:20:00,8.02222555152123
2018-08-02 07:30:00,8.04027170251491
2018-08-02 07:40:00,8.06180877718212
2018-08-02 07:50:00,8.08238539933996
2018-08-02 08:00:00,8.10961314919328
2018-08-02 08:10:00,8.1482103197455
2018-08-02 08:20:00,8.18694719155233
2018-08-02 08:30:00,8.22781773191106
2018-08-02 08:40:00,8.27209788045428
2018-08-02 08:50:00,8.31784564902628
2018-08-02 09:00:00,8.36587769144647
2018-08-02 09:10:00,8.41479279792075
2018-08-02 09:20:00,8.46551549553578
2018-08-02 09:30:00,8.51832098056937
2018-08-02 09:40:00,8.57325325126337
2018-08-02 09:50:00,8.62992895904977
2018-08-02 10:00:00,8.68756218742752
2018-08-02 10:10:00,8.72504795362679
2018-08-02 10:20:00,8.77423155589371
2018-08-02 10:30:00,8.82341342731588
2018-08-02 10:40:00,8.87787433445337
2018-08-02 10:50:00,8.93397925898837
2018-08-02 11:00:00,8.99154698261916
2018-08-02 11:10:00,9.04940398018055
2018-08-02 11:20:00,9.10895547216149
2018-08-02 11:30:00,9.16984380818694
2018-08-02 11:40:00,9.22988569480892
2018-08-02 11:50:00,9.29118638869944
2018-08-02 12:00:00,9.35372454652517
2018-08-02 12:10:00,9.41369712905725
2018-08-02 12:20:00,9.4731837069652
2018-08-02 12:30:00,9.52728145979951
2018-08-02 12:40:00,9.58083070424558
2018-08-02 12:50:00,9.62443904250736
2018-08-02 13:00:00,9.67694875632534
2018-08-02 13:10:00,9.72028094775656
2018-08-02 13:20:00,9.76420212231897
2018-08-02 13:30:00,9.80744902157283
2018-08-02 13:40:00,9.84922658680497
2018-08-02 13:50:00,9.88888855454016
2018-08-02 14:00:00,9.92667808000954
2018-08-02 14:10:00,9.95884913641559
2018-08-02 14:20:00,9.98670488196152
2018-08-02 14:30:00,10.0195703183462
2018-08-02 14:40:00,10.0502906699789
2018-08-02 14:50:00,10.0805109500792
2018-08-02 15:00:00,10.106037674107
2018-08-02 15:10:00,10.1304540174296
2018-08-02 15:20:00,10.153427969659
2018-08-02 15:30:00,10.1775026532466
2018-08-02 15:40:00,10.1992239826446
2018-08-02 15:50:00,10.2174541366829
2018-08-02 16:00:00,10.2347712238334
2018-08-02 16:10:00,10.2471145275813
2018-08-02 16:20:00,10.2560377235822
2018-08-02 16:30:00,10.2652606328241
2018-08-02 16:40:00,10.2647692752438
2018-08-02 16:50:00,10.2614406664763
2018-08-02 17:00:00,10.2628733770794
2018-08-02 17:10:00,10.2598506564256
2018-08-02 17:20:00,10.2511510931208
2018-08-02 17:30:00,10.2399434375643
2018-08-02 17:40:00,10.2298622386076
2018-08-02 17:50:00,10.216924050038
2018-08-02 18:00:00,10.2004439144407
2018-08-02 18:10:00,10.1840524147269
2018-08-02 18:20:00,10.1627562227161
2018-08-02 18:30:00,10.1389935496613
2018-08-02 18:40:00,10.1130353533523
2018-08-02 18:50:00,10.0844176141772
2018-08-02 19:00:00,10.0535778183408
2018-08-02 19:10:00,10.0234051665645
2018-08-02 19:20:00,9.99183576734844
2018-08-02 19:30:00,9.959441914889
2018-08-02 19:40:00,9.92629433835774
2018-08-02 19:50:00,9.892688013323
2018-08-02 20:00:00,9.85887464990071
2018-08-02 20:10:00,9.8251173211922
2018-08-02 20:20:00,9.79141589977609
2018-08-02 20:30:00,9.75779192108103
2018-08-02 20:40:00,9.72424518245574
2018-08-02 20:50:00,9.69077548692894
2018-08-02 21:00:00,9.65740426455463
2018-08-02 21:10:00,9.62415282529582
2018-08-02 21:20:00,9.5910207710165
2018-08-02 21:30:00,9.55805075010712
2018-08-02 21:40:00,9.52519913186589
2018-08-02 21:50:00,9.49244405632986
2018-08-02 22:00:00,9.45984953980941
2018-08-02 22:10:00,9.42737215054223
2018-08-02 22:20:00,9.39507553212459
2018-08-02 22:30:00,9.36287367876831
2018-08-02 22:40:00,9.33080887617825
2018-08-02 22:50:00,9.29907130119003
2018-08-02 23:00:00,9.26759528090677
2018-08-02 23:10:00,9.23743283055677
2018-08-02 23:20:00,9.20751857223758
2018-08-02 23:30:00,9.1776014394754
2018-08-02 23:40:00,9.14683547654507
2018-08-02 23:50:00,9.11706806672005
2018-08-03 00:00:00,9.08735522689295
2018-08-03 00:10:00,9.05775437422508
2018-08-03 00:20:00,9.02807348384111
2018-08-03 00:30:00,8.99840861665204
2018-08-03 00:40:00,8.96875974535669
2018-08-03 00:50:00,8.93924212764427
2018-08-03 01:00:00,8.90987441035155
2018-08-03 01:10:00,8.88057962921158
2018-08-03 01:20:00,8.85130032302468
2018-08-03 01:30:00,8.82217008467009
2018-08-03 01:40:00,8.79324523122743
2018-08-03 01:50:00,8.76448682160037
2018-08-03 02:00:00,8.73593171239396
2018-08-03 02:10:00,8.70748502695658
2018-08-03 02:20:00,8.67905265241212
2018-08-03 02:30:00,8.65082194904384
2018-08-03 02:40:00,8.622530381771
2018-08-03 02:50:00,8.59425290288213
2018-08-03 03:00:00,8.56606443643186
2018-08-03 03:10:00,8.53788991047278
2018-08-03 03:20:00,8.50978546676184
2018-08-03 03:30:00,8.48176963281472
2018-08-03 03:40:00,8.45398421746721
2018-08-03 03:50:00,8.42669419476839
2018-08-03 04:00:00,8.39995442391204
2018-08-03 04:10:00,8.37402923082689
2018-08-03 04:20:00,8.34889848269929
2018-08-03 04:30:00,8.3245421688039
2018-08-03 04:40:00,8.3017060392901
2018-08-03 04:50:00,8.28022671757368
2018-08-03 05:00:00,8.26395540139039
2018-08-03 05:10:00,8.25201185217591
2018-08-03 05:20:00,8.24239947295727
2018-08-03 05:30:00,8.23230962646349
2018-08-03 05:40:00,8.22316348857154
2018-08-03 05:50:00,8.20570774483215
2018-08-03 06:00:00,8.20769329829034
2018-08-03 06:10:00,8.21454127770466
2018-08-03 06:20:00,8.22356206884332
2018-08-03 06:30:00,8.21569896463917
2018-08-03 06:40:00,8.22578447495687
2018-08-03 06:50:00,8.24000739778341
2018-08-03 07:00:00,8.24625344884346
2018-08-03 07:10:00,8.26224129217525
2018-08-03 07:20:00,8.28427802256087
2018-08-03 07:30:00,8.30539468944672
2018-08-03 07:40:00,8.33061223739467
2018-08-03 07:50:00,8.36129240788836
2018-08-03 08:00:00,8.39472495740148
2018-08-03 08:10:00,8.42945650510198
2018-08-03 08:20:00,8.4670440960688
2018-08-03 08:30:00,8.50720465535632
2018-08-03 08:40:00,8.55008552938672
2018-08-03 08:50:00,8.59170477749567
2018-08-03 09:00:00,8.63706635371127
2018-08-03 09:10:00,8.67807233787144
2018-08-03 09:20:00,8.72868338905275
2018-08-03 09:30:00,8.78033548795417
2018-08-03 09:40:00,8.83350607234891
2018-08-03 09:50:00,8.88840702855142
2018-08-03 10:00:00,8.9443385973489
2018-08-03 10:10:00,9.0007433922037
2018-08-03 10:20:00,9.05799912800714
2018-08-03 10:30:00,9.10650118000883
2018-08-03 10:40:00,9.16648269759504
2018-08-03 10:50:00,9.22957192429153
2018-08-03 11:00:00,9.28424929014491
2018-08-03 11:10:00,9.34156367895513
2018-08-03 11:20:00,9.3971872041184
2018-08-03 11:30:00,9.45466179922354
2018-08-03 11:40:00,9.51362639640434
2018-08-03 11:50:00,9.56883824812091
2018-08-03 12:00:00,9.62034406646661
2018-08-03 12:10:00,9.67764121408966
2018-08-03 12:20:00,9.73094502954942
2018-08-03 12:30:00,9.7746600499371
2018-08-03 12:40:00,9.81740316684564
2018-08-03 12:50:00,9.86716237939518
2018-08-03 13:00:00,9.9151278931976
2018-08-03 13:10:00,9.96030731647696
2018-08-03 13:20:00,10.0047802330266
2018-08-03 13:30:00,10.0466849220079
2018-08-03 13:40:00,10.0875601132965
2018-08-03 13:50:00,10.1282815376654
2018-08-03 14:00:00,10.166789305525
2018-08-03 14:10:00,10.2025141475159
2018-08-03 14:20:00,10.2344886588119
2018-08-03 14:30:00,10.2658040207813
2018-08-03 14:40:00,10.2926433877971
2018-08-03 14:50:00,10.3177202753345
2018-08-03 15:00:00,10.3392529405227
2018-08-03 15:10:00,10.3586900427057
2018-08-03 15:20:00,10.3767274948191
2018-08-03 15:30:00,10.3896892211227
2018-08-03 15:40:00,10.3968969796006
2018-08-03 15:50:00,10.4021477216345
2018-08-03 16:00:00,10.4035850639616
2018-08-03 16:10:00,10.401038340202
2018-08-03 16:20:00,10.3880047867526
2018-08-03 16:30:00,10.3622244519445
2018-08-03 16:40:00,10.3596645106112
2018-08-03 16:50:00,10.3491321743483
2018-08-03 17:00:00,10.3321919367139
2018-08-03 17:10:00,10.3042327219036
2018-08-03 17:20:00,10.2708331904414
2018-08-03 17:30:00,10.2280765514007
2018-08-03 17:40:00,10.1834704421552
2018-08-03 17:50:00,10.1445336566954
2018-08-03 18:00:00,10.1053340357335
2018-08-03 18:10:00,10.0679084727997
2018-08-03 18:20:00,10.0311177411417
2018-08-03 18:30:00,9.99440021822333
2018-08-03 18:40:00,9.95803950237935
2018-08-03 18:50:00,9.91955974523666
2018-08-03 19:00:00,9.88207981436812
2018-08-03 19:10:00,9.84291499484812
2018-08-03 19:20:00,9.80246424520447
2018-08-03 19:30:00,9.76333100639386
2018-08-03 19:40:00,9.72299934551236
2018-08-03 19:50:00,9.6839946243827
2018-08-03 20:00:00,9.6465728651758
2018-08-03 20:10:00,9.60929358312559
2018-08-03 20:20:00,9.57242747708985
2018-08-03 20:30:00,9.5358240098364
2018-08-03 20:40:00,9.49957929161977
2018-08-03 20:50:00,9.46364192706202
2018-08-03 21:00:00,9.43014191901113
2018-08-03 21:10:00,9.39567332228384
2018-08-03 21:20:00,9.36132846503592
2018-08-03 21:30:00,9.32793374527825
2018-08-03 21:40:00,9.29436920561751
2018-08-03 21:50:00,9.26186520558419
2018-08-03 22:00:00,9.22839402868808
2018-08-03 22:10:00,9.19409957522049
2018-08-03 22:20:00,9.15990577443243
2018-08-03 22:30:00,9.12499578923516
2018-08-03 22:40:00,9.0902657864254
2018-08-03 22:50:00,9.05569073268016
2018-08-03 23:00:00,9.02054607198435
2018-08-03 23:10:00,8.98635434898034
2018-08-03 23:20:00,8.95302426994651
2018-08-03 23:30:00,8.91925356769813
2018-08-03 23:40:00,8.88516070116862
2018-08-03 23:50:00,8.85129860689301
2018-08-04 00:00:00,8.81824301605734
2018-08-04 00:10:00,8.78538179640663
2018-08-04 00:20:00,8.75322783646368
2018-08-04 00:30:00,8.72176776470866
2018-08-04 00:40:00,8.69008838442236
2018-08-04 00:50:00,8.65867834822264
2018-08-04 01:00:00,8.62715855613493
2018-08-04 01:10:00,8.5958477996715
2018-08-04 01:20:00,8.56474490009513
2018-08-04 01:30:00,8.53411421548064
2018-08-04 01:40:00,8.50333008603292
2018-08-04 01:50:00,8.47268182784255
2018-08-04 02:00:00,8.4425917684369
2018-08-04 02:10:00,8.41264533364957
2018-08-04 02:20:00,8.38290593210344
2018-08-04 02:30:00,8.35344548702334
2018-08-04 02:40:00,8.32431530329116
2018-08-04 02:50:00,8.29521383793129
2018-08-04 03:00:00,8.26628206033596
2018-08-04 03:10:00,8.23749995560917
2018-08-04 03:20:00,8.20861692781433
2018-08-04 03:30:00,8.18003709978407
2018-08-04 03:40:00,8.15149080321994
2018-08-04 03:50:00,8.12326208508688
2018-08-04 04:00:00,8.09563446615208
2018-08-04 04:10:00,8.06904384753218
2018-08-04 04:20:00,8.04495819656666
2018-08-04 04:30:00,8.02265334412057
2018-08-04 04:40:00,7.99971591601007
2018-08-04 04:50:00,7.97725952893366
2018-08-04 05:00:00,7.95277868512162
2018-08-04 05:10:00,7.92633729402402
2018-08-04 05:20:00,7.90092959612662
2018-08-04 05:30:00,7.87988651281381
2018-08-04 05:40:00,7.86074270095845
2018-08-04 05:50:00,7.84047023072059
2018-08-04 06:00:00,7.81891005247874
2018-08-04 06:10:00,7.79764377499155
2018-08-04 06:20:00,7.77836275481559
2018-08-04 06:30:00,7.75842275494638
2018-08-04 06:40:00,7.74289480423293
2018-08-04 06:50:00,7.72946174093231
2018-08-04 07:00:00,7.71205820711161
2018-08-04 07:10:00,7.69903801512208
2018-08-04 07:20:00,7.6930675697652
2018-08-04 07:30:00,7.70834085314609
2018-08-04 07:40:00,7.6975404997369
2018-08-04 07:50:00,7.70250988922718
2018-08-04 08:00:00,7.72932930461244
2018-08-04 08:10:00,7.74823940815591
2018-08-04 08:20:00,7.74692867295076
2018-08-04 08:30:00,7.74720938505309
2018-08-04 08:40:00,7.77386889495842
2018-08-04 08:50:00,7.79324506478105
2018-08-04 09:00:00,7.81117185616713
2018-08-04 09:10:00,7.83192496114583
2018-08-04 09:20:00,7.86866172556162
2018-08-04 09:30:00,7.91139371926077
2018-08-04 09:40:00,7.96441811606751
2018-08-04 09:50:00,7.99984045363094
2018-08-04 10:00:00,8.03809250818554
2018-08-04 10:10:00,8.0974692572878
2018-08-04 10:20:00,8.14578957156755
2018-08-04 10:30:00,8.18005225796056
2018-08-04 10:40:00,8.24490732867246
2018-08-04 10:50:00,8.30938223889757
2018-08-04 11:00:00,8.37375738702156
2018-08-04 11:10:00,8.42572524530923
2018-08-04 11:20:00,8.49599895128372
2018-08-04 11:30:00,8.55363010133674
2018-08-04 11:40:00,8.61254307786753
2018-08-04 11:50:00,8.64157720171896
2018-08-04 12:00:00,8.70504924489076
2018-08-04 12:10:00,8.76145537830172
2018-08-04 12:20:00,8.80956433993055
2018-08-04 12:30:00,8.84263891000332
2018-08-04 12:40:00,8.87598017983908
2018-08-04 12:50:00,8.9258151607537
2018-08-04 13:00:00,8.95558629081629
2018-08-04 13:10:00,9.00019518135943
2018-08-04 13:20:00,9.04673511347747
2018-08-04 13:30:00,9.07584615999161
2018-08-04 13:40:00,9.10416637625028
2018-08-04 13:50:00,9.1286915608991
2018-08-04 14:00:00,9.14885518693566
2018-08-04 14:10:00,9.15631715484199
2018-08-04 14:20:00,9.16405847246357
2018-08-04 14:30:00,9.17190992308602
2018-08-04 14:40:00,9.18117648528636
2018-08-04 14:50:00,9.19048677643137
2018-08-04 15:00:00,9.19248126945507
2018-08-04 15:10:00,9.18443478439825
2018-08-04 15:20:00,9.17091935378192
2018-08-04 15:30:00,9.15667009940601
2018-08-04 15:40:00,9.14003965351412
2018-08-04 15:50:00,9.12482722397919
2018-08-04 16:00:00,9.11036493129837
2018-08-04 16:10:00,9.10742115451001
2018-08-04 16:20:00,9.10459736448129
2018-08-04 16:30:00,9.10064396017511
2018-08-04 16:40:00,9.0848416128268
2018-08-04 16:50:00,9.06656846796086
2018-08-04 17:00:00,9.04639946501322
2018-08-04 17:10:00,9.0348195328166
2018-08-04 17:20:00,9.02102118947133
2018-08-04 17:30:00,9.00222147408847
2018-08-04 17:40:00,8.98033902716178
2018-08-04 17:50:00,8.95846588074345
2018-08-04 18:00:00,8.93291576785804
2018-08-04 18:10:00,8.90559440444039
2018-08-04 18:20:00,8.87843495089392
2018-08-04 18:30:00,8.85585140218218
2018-08-04 18:40:00,8.83511766265801
2018-08-04 18:50:00,8.81001760039544
2018-08-04 19:00:00,8.78183547925839
2018-08-04 19:10:00,8.75314559203275
2018-08-04 19:20:00,8.7243932042454
2018-08-04 19:30:00,8.69493368144321
2018-08-04 19:40:00,8.66498805063841
2018-08-04 19:50:00,8.63524964947489
2018-08-04 20:00:00,8.60589247127755
2018-08-04 20:10:00,8.57679493181882
2018-08-04 20:20:00,8.54824041096036
2018-08-04 20:30:00,8.52000252756273
2018-08-04 20:40:00,8.49173459805906
2018-08-04 20:50:00,8.46380856662944
2018-08-04 21:00:00,8.43629687516038
2018-08-04 21:10:00,8.40917025219095
2018-08-04 21:20:00,8.38232651004957
2018-08-04 21:30:00,8.3556398145771
2018-08-04 21:40:00,8.32946121129623
2018-08-04 21:50:00,8.30358302832354
2018-08-04 22:00:00,8.27816168493828
2018-08-04 22:10:00,8.25300070283969
2018-08-04 22:20:00,8.22797916497351
2018-08-04 22:30:00,8.20332331899306
2018-08-04 22:40:00,8.1788786682828
2018-08-04 22:50:00,8.1548983844261
2018-08-04 23:00:00,8.13104053025204
2018-08-04 23:10:00,8.10748697930599
2018-08-04 23:20:00,8.08386527657049
2018-08-04 23:30:00,8.06069531968103
2018-08-04 23:40:00,8.03837658508712
2018-08-04 23:50:00,8.01606653054587
2018-08-05 00:00:00,7.99452851688108
2018-08-05 00:10:00,7.97329647569459
2018-08-05 00:20:00,7.95205803566698
2018-08-05 00:30:00,7.93165772543571
2018-08-05 00:40:00,7.9116515756637
2018-08-05 00:50:00,7.8914012709164
2018-08-05 01:00:00,7.87149209491861
2018-08-05 01:10:00,7.85250354166932
2018-08-05 01:20:00,7.83262002631391
2018-08-05 01:30:00,7.81302562488184
2018-08-05 01:40:00,7.79503242424575
2018-08-05 01:50:00,7.7773812848799
2018-08-05 02:00:00,7.75934845842443
2018-08-05 02:10:00,7.74237576839555
2018-08-05 02:20:00,7.72568562086867
2018-08-05 02:30:00,7.70849390659284
2018-08-05 02:40:00,7.69167987291422
2018-08-05 02:50:00,7.67595031201839
2018-08-05 03:00:00,7.65966954395539
2018-08-05 03:10:00,7.64455330688857
2018-08-05 03:20:00,7.62795173147698
2018-08-05 03:30:00,7.61156536351023
2018-08-05 03:40:00,7.59629304645286
2018-08-05 03:50:00,7.58159404532716
2018-08-05 04:00:00,7.56753874408042
2018-08-05 04:10:00,7.55533070582438
2018-08-05 04:20:00,7.54272153406315
2018-08-05 04:30:00,7.53192181541515
2018-08-05 04:40:00,7.51963294214731
2018-08-05 04:50:00,7.5086045863814
2018-08-05 05:00:00,7.49918682050829
2018-08-05 05:10:00,7.49027265017766
2018-08-05 05:20:00,7.48258369546392
2018-08-05 05:30:00,7.4762290965943
2018-08-05 05:40:00,7.47202371851807
2018-08-05 05:50:00,7.46692506372057
2018-08-05 06:00:00,7.46398235368135
2018-08-05 06:10:00,7.46496127408438
2018-08-05 06:20:00,7.46334434873176
2018-08-05 06:30:00,7.46624104004434
2018-08-05 06:40:00,7.47188192925431
2018-08-05 06:50:00,7.47657221156691
2018-08-05 07:00:00,7.47764650769286
2018-08-05 07:10:00,7.49443461099845
2018-08-05 07:20:00,7.51293585689428
2018-08-05 07:30:00,7.54349095896259
2018-08-05 07:40:00,7.55586235708541
2018-08-05 07:50:00,7.56699262325277
2018-08-05 08:00:00,7.59008627793698
2018-08-05 08:10:00,7.61625588578447
2018-08-05 08:20:00,7.64018484294784
2018-08-05 08:30:00,7.65671985259304
2018-08-05 08:40:00,7.66964581724076
2018-08-05 08:50:00,7.69395556055112
2018-08-05 09:00:00,7.72438167317641
2018-08-05 09:10:00,7.77415255421578
2018-08-05 09:20:00,7.82839819888865
2018-08-05 09:30:00,7.87325372878782
2018-08-05 09:40:00,7.91933837280245
2018-08-05 09:50:00,7.97914446652854
2018-08-05 10:00:00,8.04934697671354
2018-08-05 10:10:00,8.11567601235941
2018-08-05 10:20:00,8.1520210801301
2018-08-05 10:30:00,8.21267593663592
2018-08-05 10:40:00,8.27510316734617
2018-08-05 10:50:00,8.33090137283605
2018-08-05 11:00:00,8.39316613500676
2018-08-05 11:10:00,8.44555504878599
2018-08-05 11:20:00,8.51257881517787
2018-08-05 11:30:00,8.57346986699649
2018-08-05 11:40:00,8.64240079398785
2018-08-05 11:50:00,8.69774135353671
2018-08-05 12:00:00,8.76730110898992
2018-08-05 12:10:00,8.83826130536402
2018-08-05 12:20:00,8.89676759202685
2018-08-05 12:30:00,8.93338916431101
2018-08-05 12:40:00,8.98850146815823
2018-08-05 12:50:00,9.02840283032436
2018-08-05 13:00:00,9.07917305782733
2018-08-05 13:10:00,9.13050546661387
2018-08-05 13:20:00,9.18837333916825
2018-08-05 13:30:00,9.24801140808939
2018-08-05 13:40:00,9.30647199448783
2018-08-05 13:50:00,9.36138735741943
2018-08-05 14:00:00,9.41799540444847
2018-08-05 14:10:00,9.4733689122137
2018-08-05 14:20:00,9.522310426457
2018-08-05 14:30:00,9.56322980688843
2018-08-05 14:40:00,9.60166800000064
2018-08-05 14:50:00,9.65233557936248
2018-08-05 15:00:00,9.6973859626519
2018-08-05 15:10:00,9.73735733509575
2018-08-05 15:20:00,9.77537735897999
2018-08-05 15:30:00,9.79388034086955
2018-08-05 15:40:00,9.81470016968293
2018-08-05 15:50:00,9.84934686100034
2018-08-05 16:00:00,9.87602235167868
2018-08-05 16:10:00,9.89487103824392
2018-08-05 16:20:00,9.90692784229839
2018-08-05 16:30:00,9.92380633949665
2018-08-05 16:40:00,9.92317399381866
2018-08-05 16:50:00,9.93226702542309
2018-08-05 17:00:00,9.91866833927687
2018-08-05 17:10:00,9.90521891049484
2018-08-05 17:20:00,9.87667108987437
2018-08-05 17:30:00,9.85034776171234
2018-08-05 17:40:00,9.82925376761384
2018-08-05 17:50:00,9.80440874398348
2018-08-05 18:00:00,9.7816917886788
2018-08-05 18:10:00,9.75567145741781
2018-08-05 18:20:00,9.73384935315539
2018-08-05 18:30:00,9.71009660078848
2018-08-05 18:40:00,9.68501628259504
2018-08-05 18:50:00,9.66110082627753
2018-08-05 19:00:00,9.63590587281899
2018-08-05 19:10:00,9.60976834324674
2018-08-05 19:20:00,9.58283572059831
2018-08-05 19:30:00,9.55530020889276
2018-08-05 19:40:00,9.52738113634528
2018-08-05 19:50:00,9.49929114238111
2018-08-05 20:00:00,9.47126988214247
2018-08-05 20:10:00,9.44331707935611
2018-08-05 20:20:00,9.41559163045578
2018-08-05 20:30:00,9.3886482886779
2018-08-05 20:40:00,9.36127926421261
2018-08-05 20:50:00,9.33449437929707
2018-08-05 21:00:00,9.30775491980289
2018-08-05 21:10:00,9.28163590024517
2018-08-05 21:20:00,9.25572476669987
2018-08-05 21:30:00,9.22989981501628
2018-08-05 21:40:00,9.20384245069745
2018-08-05 21:50:00,9.17837050166639
